[
	{
		"url": "https://bitbucket.128technology.com/",
		"position": 0,
		"id": 1
	},
	{
		"url": "https://gmail.com",
		"position": 1,
		"id": 2,
		"title": "Gmail"
	},
	{
		"url": "https://jenkins.lab.128technology.com",
		"position": 2,
		"id": 3,
		"title": "Jenkins"
	},
	{
		"url": "Google Calendar",
		"id": 4,
		"title": "Google Calendar"
	},
	{
		"url": "https://calendar.google.com/",
		"position": 3,
		"id": 5,
		"title": "Google Calendar"
	},
	{
		"url": "https://128technology.atlassian.net",
		"position": 4,
		"id": 6,
		"title": "Jira"
	},
	{
		"url": "https://spaceport.lab.128technology.com",
		"position": 5,
		"id": 7,
		"title": "Openstack"
	},
	{
		"url": "http://drive.google.com",
		"position": 6,
		"id": 8,
		"title": "Google Drive"
	},
	{
		"url": "https://sites.google.com/a/128technology.com/engineering",
		"position": 7,
		"id": 9,
		"title": "Engineering Wiki"
	},
	{
		"url": "https://wayne-manor.lab.128technology.com",
		"position": 8,
		"id": 10,
		"title": "Wayne Manor"
	},
	{
		"url": "https://128technology.okta.com",
		"position": 9,
		"id": 11,
		"title": "Okta"
	},
	{
		"url": "https://elk.lab.128technology.com",
		"position": 10,
		"id": 12,
		"title": "Kibana"
	},
	{
		"url": "https://core.juniper.net/home/",
		"title": "Juniper Core",
		"position": 11,
		"id": 13
	}
]